1,Метр,м,m,М,MTR,006
4,Килограмм,кг,kg,КГ,KGM,166
6,Секунда,с,s,С,SEC,354
5,Ампер,А,A,А,AMP,260
2,Квадратный метр,м^2,m^2,М2,MTK,055
3,Кубический метр,м^3,m^3,М3,MTQ,113
5,Килограмм на кубический метр,кг/м^3,kg/m^3,КГ/М3,KMQ,316
5,Метр в секунду,м/с,m/s,М/С,MTS,328
5,Радиан в секунду,Радс,rads,РАДС,RADS,NULL
5,Герц,Гц,Hz,ГЦ,HTZ,290
5,Метр на секунду в квадрате,м/с^2,m/s^2,М/С2,MSK,335
5,Ньютон,Н,N,Н,NEW,289
5,Паскаль,Па,Pa,ПА,PAL,294
5,Джоуль,Дж,J,ДЖ,JOU,271
5,Ватт,Вт,W,ВТ,WTT,212
5,Джоуль на килограмм на кельвин,Джкг ∙С,Jkg∙K,ДЖКГ∙С,JKG∙K,NULL
5,Джоуль на килограмм,Джкг,Jkg,ДЖКГ,JKG,NULL
5,Кулон,Кл,C,КЛ,COU,270
5,Фарад,Ф,F,Ф,FAR,314
5,Вольт,В,V,В,VLT,222
5,Ом,Ом,Ω,ОМ,OHM,274
5,Кг на метр в секунду,Кг ∙мс,kg∙ms,КГ∙МС,KG∙MS,NULL
5,Ньютон на метр,Н∙ м,N∙m,Н∙М,N∙m,NULL
5,Ом на квадратный миллиметр на метр,Ом ∙мм2м,Ω∙mm2m,ОМ∙ММ2М,Ω∙mm2m,NULL
5,Тесла,Тл,T,ТЛ,T,313
5,Вебер,Вб,Wb,ВБ,WEB,324
5,Диоптрия,Дптр,Dioptre,ДПТР,Dioptre,NULL
5,Байт,байт,NULL,БАЙТ,NULL,255
5,Байт в секунду,Байт/с,NULL,БАЙТ/С,NULL,2551
5,Градус Цельсия,°C,°C,ГРАД ЦЕЛЬС,CEL,280
5,Кандела,кд,cd,КД,CDL,282
5,Люкс,лк,lx,ЛК,LUX,283
5,Люмен,лм,lm,ЛМ,LUM,284
5,Генри,Гн,NULL,ГН,NULL,287
5,Сименс,См,S,СИ,SIE,296
5,Децибел,Дб,NULL,ДЕЦИБЕЛ,NULL,3135
5,Моль,моль,mol,МОЛЬ,MOL,320